"flag","Domain","2nd domain","A Record","MX Record","Domain crated","Domain expired","Company owner","Intelligence Alliance","Jurisdiction 
(based on server location)","Site description","ToS","Privacy policy","Email
(receive a verification link)","Phone
(receive s sms code)","Price","Personal Info
(first name, last name, adress, etc..)","Note"
" ğŸ‡¨ğŸ‡­","protonmail.ch","proton.me
protonmail.com
","185.70.42.45 | ğŸ‡¨ğŸ‡­ | Switzerland | AS62371 | Proton Technologies AG","mail.protonmail.ch |  ğŸ‡¨ğŸ‡­ | Switzerland | AS62371 | Proton Technologies AG
mailsec.protonmail.ch |  ğŸ‡¨ğŸ‡­ | Switzerland | AS62371 | Proton Technologies AG",2010-08-21,2026-08-21," ğŸ‡¨ğŸ‡­ Proton Technologies AG",," Switzerland","Proton Mail: Get a private, secure, and encrypted email account
Proton Mail is the worldâ€™s largest secure email service with, 
Over 100 million users.
Available on Web, iOS, Android, and desktop.
Protected by Swiss privacy law.","Illegal actions (CSAM, spam, hacking), IP violation, insults, self-referrals, fraud
Collect per Privacy Policy, store without guarantees, delete inactive accounts (12 mos.), share upon authorities' request","Collect per Privacy Policy, store without guarantees, delete inactive accounts (12 mos.), share upon authorities' request","yes","optional","free; Unlimited $9.99/month","yes","Proton Mail is a secure email service with end-to-end encryption, created by the Swiss company Proton AG. It is suitable for registering on various services, collects user information, and shares data with authorities. For registration, it is recommended to use anti-detect browsers and clean mobile proxies."
" ğŸ‡§ğŸ‡ª","mailfence.com",,"217.182.28.160 | ğŸ‡§ğŸ‡ª | Belgium | AS3356 | Level 3 Communications, Inc.","smtp1.mailfence.com | ğŸ‡§ğŸ‡ª | Belgium | AS3356 | Level 3 Communications, Inc.",2012-12-01,2027-12-01,"ğŸ‡§ğŸ‡ª ContactOffice Group","Fourteen Eyes (ğŸ‘€ 14)","Belgium","Secure and private email | Mailfence encrypted email service
Mailfence is the only secure and private email service that gives you control. A free, interoperable encrypted email service protected by Belgian privacy law.","Illegal actions (hacking, spam, phishing, porn, threats), IP violation, multiple accounts (>2), harassment, reselling without consent","Collect IP, email metadata (sender, recipient, subject, timestamps), external email, payment info. Store encrypted data, backups (45 days). Share only with Belgian authorities if legally required.","yes","no","free;Base $2.75/month; Entry $3.85/month","yes","Mailfence is a secure email service with end-to-end encryption, developed by the Belgian company ContactOffice Group SA. It is suitable for confidential correspondence, handling sensitive data, and protection against mass surveillance. Features include email encryption, no ads or tracking, and strict privacy under Belgian law. It collects a significant amount of user information; registration requires an existing, verified email address and the use of clean proxies. Hosted in Belgium. Suitable for registering on various services, but note that all subjects and emails are monitored."
" ğŸ‡©ğŸ‡ª"," tutanota.com","tuta.com
Tutamail.com
Tuta.io
Tutanota.de
Keemail.me","185.205.69.12 | ğŸ‡©ğŸ‡ª | Germany | AS210909 | Tutao GmbH","mail.tutanota.de | ğŸ‡©ğŸ‡ª | Germany | AS210909 | Tutao GmbH",2011-11-30,2025-11-30," ğŸ‡©ğŸ‡ª Tutao GmbH","Fourteen Eyes (ğŸ‘€ 14)","Germany","Join the Tuta community to spread privacy. | Tuta
Tuta will be the privacy-respecting alternative to Google with a calendar, notes, cloud storage - everything encrypted by default. Join us in bringing privacy to the world!","Illegal actions (assumed from GDPR), multiple free accounts (>1 per person), business use on free plan, inactivity (>6 months)","Collect email address, payment data (bank, credit card, PayPal), anonymized IP, logs (7 days). Store encrypted data, delete after 30 days. Share payment data with providers (PayPal, Braintree), legal requests only.","no","no","Free; Revolutionary â‚¬3/month; Legend â‚¬8/month","no","Tutanota is a secure email service with end-to-end encryption, developed by the German company Tutao GmbH, focused on privacy and security. Itâ€™s ideal for anonymous communication, storing contacts and calendars, and protecting data from surveillance. Key features: full data encryption (email, calendar, contacts), no tracking, minimal data collection, and servers in Germany under strict GDPR compliance. Tutanota offers top-tier privacy with end-to-end encryption, ensuring even developers canâ€™t access your data. For anonymity, no phone or external email is required for signup, IP addresses arenâ€™t logged by default, and email headers are stripped of metadata, making it great for concealing your identity."
" ğŸ‡«ğŸ‡·","mailo.com","netcourrier.com
netc.fr
francemel.fr
emailasso.net
lavache.com
Monemail.com","213.182.54.18 | ğŸ‡«ğŸ‡· | France | AS8304 | Ecritel SASU | Mailobject","mx.mailo.com | ğŸ‡«ğŸ‡· | France | AS8304 | Ecritel SASU | Mailobject",2001-03-05,2026-03-05," ğŸ‡«ğŸ‡·  Mail Object","Nine Eyes (ğŸ‘€ 9)","France","Mailo","Illegal actions (spam, hacking, harassment, IP theft), multiple free accounts for 3rd-party registration, automation, business use on free plan","Collect email, personal info (name, DOB, optional), IP logs (1 month), payment data, content (encrypted). Store in France, delete after 1 month post-account closure. Share with payment providers (Verifone/Paybox, Mobiyo), Gandi (domains), legal requests only.","yes","Yes","Free; Premium â‚¬1/month","yes","Mailo is a European email service by French company Mail Object, offering email, calendar, storage, and chat. It suits personal use, families (with Mailo Junior for kids), and professionals on paid plans. Security & Anonymity: Features SSL encryption and antispam, but lacks end-to-end encryption, limiting security. Anonymity is weak: requires personal data (DOB), logs IPs (1 month), and blocks third-party validation emails on free accounts. Usage: Sign up on mailo.com with name, DOB, and password; access via web, apps, or IMAP/SMTP. Multi-accounts need paid plans and proxies due to automation bans. Decent for basic communication and family features, but lags in anonymity and security compared to Proton Mail or Tutanota."
"ğŸ‡ºğŸ‡¸","mail.com",,"82.165.229.87 | ğŸ‡©ğŸ‡ª | Germany | AS8560 | IONOS SE","mx00.mail.com | ğŸ‡ºğŸ‡¸ | United States | AS8560 | IONOS SE
Mx01.mail.com | ğŸ‡ºğŸ‡¸ | United States | AS8560 | IONOS SE",1997-03-24,2025-03-25,"ğŸ‡ºğŸ‡¸ 1&1 Mail & Media Inc.","Five Eyes (ğŸ‘€ 5)","United States","Free email accounts with mail.com | Log in here or register today
The right email address for you âœ” Secure âœ” 100+ domain names âœ” Up to 10 mail addresses âœ” Sync across devices âœ” 65GB email storage âœ” Sign up today!","Illegal actions (spam, phishing, IP theft), reselling services, excessive usage, under 16 without consent, inactivity (>6 months, free accounts)","Collect name, gender, DOB, address, email, phone, payment info, IP logs, usage data, cookies. Store in US indefinitely. Share with affiliates, 3rd parties (ads, analytics), legal requests.","Yes","Yes","Free","Yes","Mail.com is an American email service by 1&1 Mail & Media Inc., offering unique email addresses, cloud storage, and basic organizer features. Itâ€™s suitable for everyday communication, file storage, and casual use. Security & Anonymity: It uses SSL encryption for data transmission but lacks end-to-end encryption, reducing content privacy. Anonymity is limited: requires personal data (name, DOB) at signup, logs IPs, and shares info with third parties for ads, making it unsuitable for privacy-focused users. Mail.com works well for simple personal or temporary needs but falls short in security and anonymity compared to services like Proton Mail or Tutanota."
" ğŸ‡¨ğŸ‡­","swissmail.org","swissmail.org
email.org
email.ch
email.li
generalmail.com
generalmail.net
generalmail.ch
generalmail.de
Generalmail.at","212.25.18.225 | ğŸ‡¨ğŸ‡­ | Switzerland | AS8758 | Iway AG","elba.iway.ch | ğŸ‡¨ğŸ‡­ | Switzerland | AS8758 | iway MailInfrastructure | Iway AG
Malta.iway.ch | ğŸ‡¨ğŸ‡­ | Switzerland | AS8758 | iway MailInfrastructure | Iway AG",2000-04-13,2025-04-13," ğŸ‡¨ğŸ‡­ Interway Network Systems AG (iWay AG)",,"Switzerland","Swissmail / swissmail.org - secure swiss e-mail service
","Illegal actions (spam, bulk mail), misuse of service, exceeding security limits without permission, IP infringement","Collect email content (encrypted), account access data (password-protected). Store in Switzerland, no personal analysis. No third-party sharing, only legal requests.","yes","no","Trial (8 day); Basic $2.20/month; Standard $4.40/month; Professional $6.10/month","no","Swissmail Box is a Swiss email service by Interway Network Systems AG, offering secure communication with features like aliases, mailing lists, and SMS reminders. Itâ€™s ideal for personal and business correspondence with a focus on privacy. Security & Anonymity: Employs end-to-end encryption, two-factor authentication, antivirus, and antispam. Data is stored solely in Switzerland under strict local privacy laws. Anonymity is strong: minimal personal data required, no content analysis, and no third-party sharing except for legal mandates. A great choice for those prioritizing security and privacy, perfect for confidential communication, business, or long-term use with its lifelong address guarantee."
" ğŸ‡©ğŸ‡ª","eclipso.eu","eclipso.eu
eclipso.de
eclipso.at
eclipso.be
eclipso.ch
eclipso.dk
eclipso.es
eclipso.it
eclipso.me
eclipso.nl
eclipso.uk
eclipso.email
eclipsomail.com
eclipsomail.de
Teamvielfalt.eu","217.69.254.102 | ğŸ‡©ğŸ‡ª | Germany | AS16097 | HL komm Telekommunikations GmbH | HL Speedloc","mail.eclipso.de | ğŸ‡©ğŸ‡ª | Germany | AS16097 | HL komm Telekommunikations GmbH | HL Speedloc",2008-03-25,,"ğŸ‡©ğŸ‡ª eclipso Mail Europe","Fourteen Eyes (ğŸ‘€ 14)","Germany","eclipso Mail Europe. Privacy focused. Email & Cloud Provider.
Get your reliable and secure & european email address âœ‰ cloud storage â˜ and many other useful features. Register now.","Illegal actions (spam, porn, violence, discrimination), fake data, third-party service abuse, commercial use without permission","Collect email content (unencrypted), personal data (name, address, phone, DOB, IP, etc.), logs, cookies. Store in Germany. Share with ad partners, legal requests.","yes","no","Free; Connect â‚¬0.99/month; Premium â‚¬1.99/month; Business â‚¬4.99/month","yes","eclipso Mail Europe is a German email service operated by Claus-Peter Beringer, offering email, cloud storage (eclipso Drive), SMS, and additional features like fax sending. Itâ€™s suitable for everyday communication, data storage, and basic tasks. Security & Anonymity: Uses basic transmission encryption (SSL) but lacks end-to-end encryption, compromising email content security. Anonymity is weak: requires personal data at signup (name, address, phone), collects IPs, and shares data with ad partners (Google, Amazon). Logs and cookies are tracked, making it vulnerable to analysis. Fine for casual personal use or temporary needs, but not for confidential communication or privacy-focused usersâ€”lagging behind services like Proton Mail or Swissmail Box. Ads and poor data protection limit its appeal."
" ğŸ‡©ğŸ‡ª","skymail.de","skymail.de
skymail.at
maills.de
maills.ch
maills.net
Hemail.de","46.4.105.4 | ğŸ‡©ğŸ‡ª | Germany | AS24940 | Hetzner Online GmbH","skymail.de | ğŸ‡©ğŸ‡ª | Germany | AS24940 | Hetzner Online GmbH",,," ğŸ‡©ğŸ‡ª Emailn.de â€” Freemail (Freemail.biz Media)","Fourteen Eyes (ğŸ‘€ 14)","Germany","Kostenlose E-Mail â€“ Skymail.de
Kostenlose E-Mail Adresse von Skymail. Jetzt anonym ohne Klarnamen einrichten und sicher mailen.","Illegal actions (spam, mass emails), violating German law, unauthorized account access by third parties","Collect IP, personal data (from registration/contact forms), usage data, cookies (with ads). Store in Germany. Share with ad partners (Refinery89), legal requests.","yes","optional","Free; 8,00 EUR; 15,90 EUR; 28,90 EUR","optional","skymail.de is a German email service by Emailn.de (Norbert Sehm), offering webmail with basic features. It includes a free ad-supported version and paid plans (ECO, ULTRA) without ads. Suitable for simple communication and basic tasks. Security & Anonymity: Uses SSL/TLS encryption for data transmission, but lacks end-to-end encryption, limiting content protection. Anonymity is low in the free version: IP addresses and personal data from registration are collected and shared with ad partners (Refinery89). Paid plans offer slightly more privacy by avoiding external cookies, but data is still stored in Germany and subject to legal disclosure. Good for casual personal use or temporary correspondence. The free version suits those unbothered by ads and minimal privacy; paid plans work for basic email without heavy tracking. Not for confidential purposesâ€”falls short of Proton Mail or Swissmail in security."
" ğŸ‡©ğŸ‡ª","firemail.de","firemail.de
firemail.at
firemail.eu","188.40.70.221 | ğŸ‡©ğŸ‡ª | Germany | AS24940 | Hetzner Online GmbH","mail.firemail.de | ğŸ‡©ğŸ‡ª | Germany | AS24940 | Hetzner Online GmbH",,," ğŸ‡©ğŸ‡ª Emailn.de â€” Freemail (Freemail.biz Media)","Fourteen Eyes (ğŸ‘€ 14)","Germany","Firemail Freemail - Ihr kostenloser Freemail-Service
Kostenlose seriÃ¶se neue **Freemail-Adresse** und Freemail-Service von Firemail. Jetzt kostenlos neue anonyme Freemail-Adresse ohne Handynummer erstellen und sofort starten.","Spam, phishing, viruses, mass emails, violating German law, ad blockers, inactive accounts (720 days)","Collect IP, personal data (alt. email), usage data, cookies (ads version). Store in Germany (Hetzner). Share with ad partners (Refinery89), authorities if required.","yes","optional","Free; Base 6.00 EUR; Eco 12.00 EUR; Ultra 30.00 EUR","optional","Firemail.de is a German email service by Emailn.de (Norbert Sehm), offering webmail with a free ad-supported version and paid plans (ECO, ULTRA) without ads. It also supports POP3, IMAP, CalDAV, and CardDAV for backups. Suitable for basic correspondence and managing contacts/calendars. Security & Anonymity: Uses SSL/TLS for data transmission and offers two-factor authentication (2FA), but lacks end-to-end encryption, reducing content protection. Anonymity is minimal in the free version: IP, alternative email, usage data are collected and shared with ad partner Refinery89. Paid plans eliminate external cookies, but data is still stored in Germany and subject to legal disclosure. Good for simple personal use or temporary email. The free version suits those okay with ads and low privacy; paid plans work for basic tasks with slightly better protection. Not for confidential communicationâ€”lags behind Proton Mail or Tutanota in security and anonymity."
" ğŸ‡©ğŸ‡ª","emailn.de","emailn.de
emailn.eu
emailn.at
Emailn.ch ","46.182.20.122 | ğŸ‡©ğŸ‡ª | Germany | AS43847 | Nbiserv Server Old | Martin Prager trading as ""NbIServ""","mail.firemail.de | ğŸ‡©ğŸ‡ª | Germany | AS43847 | Nbiserv Server Old | Martin Prager trading as ""NbIServ""",,," ğŸ‡©ğŸ‡ª Emailn.de â€” Freemail (Freemail.biz Media)","Fourteen Eyes (ğŸ‘€ 14)","Germany","Freemail emailn.de: Kostenlose E-Mail Adresse
Freemail und Kostenlose E-Mail Adresse fÃ¼r jeden. Unbegrenzt Speicherplatz und top Funktionen. Jetzt gratis E-Mail Konto einrichten und sofort starten","Not explicitly detailed in provided privacy policy; typically governed by German law and site terms","Collect IP, personal data (from registration/contact forms), usage data, cookies (with ads). Store in Germany (NBIServ). Share with ad partners (Google AdSense, Pixfuture, Refinery89), legal requests, USA-based tools.","yes","optional","free","optional","Emailn.de is a German email service by Norbert Sehm, offering webmail with a free ad-supported version and likely paid options (though not specified in the provided data). It focuses on standard communication features, integrated with analytics and ad services. Suitable for basic correspondence and everyday tasks. Security & Anonymity: Employs SSL/TLS encryption for data transmission, providing basic connection security, but lacks end-to-end encryption, leaving content vulnerable. Anonymity is low: IP addresses, form data, and cookies are collected for ads (Google AdSense, Pixfuture, Refinery89) and shared with U.S.-based tools (WordPress Stats, Google), where data protection is weaker under EU standards. Data is stored in Germany (NBIServ) but can be disclosed to authorities upon request. Suitable for casual personal use, such as temporary correspondence or site registrations where privacy isnâ€™t critical. Not for confidential purposesâ€”falls short of Proton Mail or Tutanota due to poor anonymity and lack of full content protection. Ads and data sharing limit its appeal for security-conscious users."
" ğŸ‡±ğŸ‡»","inbox.eu","mail.ee
inbox.vg
inbox.lt
Inbox.lv
inbox.la","195.216.236.55 | ğŸ‡±ğŸ‡» | Latvia | AS12993 | SIA Digitalas Ekonomikas Attistibas Centrs | SIA INBOKSS","mx.inbox.eu | ğŸ‡±ğŸ‡» | Latvia | AS12993 | SIA Digitalas Ekonomikas Attistibas Centrs | SIA INBOKSS",2006-03-20,,"ğŸ‡±ğŸ‡» SIA ""INBOKSS""",,"Latvia","Email solution for your business- domain e-mail â€” Inbox.eu
Privacy and security oriented email with synced contacts, calendar and file storage","Illegal content (threats, defamation, obscenity), spam, viruses, harassment, IP/copyright violations, unauthorized ads, disrupting service, collecting others' data","Collect name, surname, birth date, gender, IP, login time, location (via IP), payment info (bank/PayPal, no card), cookies, contacts, third-party data. Store in Latvia. Share with ad partners (e.g., Google, AD BOX), legal requests.","yes","optional","free","required","NBOX is an email service from the Latvian company SIA ""INBOKSS,"" offering a free version (Inbox Mail) with ads and a paid version (Inbox PREMIUM) with increased mailbox size and no ads. It supports basic features: sending/receiving emails, contact synchronization, and integration with other email services. It also includes file storage (Inbox Files). Suitable for everyday communication and data storage. Security & Anonymity: Utilizes SSL encryption for data transmission and two-factor authentication (2FA) for login, providing a basic level of security. However, it lacks end-to-end encryption, leaving email content vulnerable to interception or access by the service. Anonymity is low: personal data (name, surname, birth date, gender, IP, location, contacts) is collected and shared with ad partners (Google, AD BOX) for personalized ads and with authorities upon request. Data is stored in Latvia, subject to local laws and GDPR, but third-party access isnâ€™t ruled out. Ideal for simple communication, temporary registrations, or storing non-sensitive data, especially in the free version. The paid PREMIUM version removes ads and adds features but doesnâ€™t enhance privacy. Not recommended for confidential correspondenceâ€”it falls behind Proton Mail or Tutanota due to weak anonymity and lack of full content protection. Perfect for users needing basic email functionality with minimal costs."
" ğŸ‡¨ğŸ‡­","woelklimail.com","wail.ch","185.15.230.217 | ğŸ‡¨ğŸ‡­ | Switzerland | AS206484 | oriented.net GmbH","wail-mxa1.srv.bsa.oriented.ch | ğŸ‡¨ğŸ‡­ | Switzerland | AS206484 | oriented.net GmbH",2007-06-04,," ğŸ‡¨ğŸ‡­ oriented.net LLC",,"Switzerland","wÃ¶lkli Mail - Secure and Encrypted Mail in Switzerland
wÃ¶lkli Mail is a Swiss service that provides secure and encrytped mail accounts hosted in Switzerland in its own ISO 27001 certified data centre. ","Reselling services; illegal content (violence, pornography, racism, incitement to crime, extremist content, illegal gambling, copyright violations); unauthorized access or misuse (viruses, hacking); failure to secure access credentials or report issues","Collect personal data (name, address, login credentials), technical data (server info, logs, customer-uploaded content). Stored in Switzerland. Shared only for legal/regulatory purposes or to protect oriented.netâ€™s rights/property.","no","no","Free; M1 60 CHF/year; M3 200 CHF/year; M4 300 CHF/year","optional","WÃ¶lkli Mail is a Swiss email service offering free and paid encrypted email accounts under the @wail.ch domain. Hosting is provided in its own ISO 27001-certified data center in Switzerland. The service focuses on security and privacy, with a basic free tier (200 MB, no IMAP/SMTP) and paid plans with enhanced features. Security & Anonymity: WÃ¶lkli Mail employs 256-bit SSL encryption for data transmission and AES-256 server-side encryption for stored emails. It supports OpenPGP for message encryption and decryption, along with two-factor authentication (2FA). Emails are encrypted with user-specific cryptographic keys before reaching the inbox, preventing even the service provider from accessing their contents. Data is stored in Switzerland, benefiting from strict privacy laws (DSG). However, full anonymity isnâ€™t guaranteed: registration requires a name, surname, and a strong password (min. 12 characters), and IP addresses may be logged. The privacy policy lacks detailed disclosure about data collection, leaving some uncertainty regarding anonymity. The free version (200 MB, 20 MB attachment limit, ad-free) is suitable for basic correspondence, temporary registrations, or non-sensitive data via the web interface (based on RainLoop, with Russian language support). Paid tiers, offering more storage and IMAP/SMTP access, are ideal for personal or professional use requiring encryption and reliability. Thanks to Swiss jurisdiction and cryptographic features, itâ€™s a good fit for users prioritizing above-average privacy, though for maximum anonymity (e.g., no personal data required), alternatives like Proton Mail or Tutanota might be preferable."
" ğŸ‡µğŸ‡±","interia.pl","interia.pl
poczta.fm
interia.eu
interia.com
intmail.pl
interiowy.pl
adresik.net
pisz.to
vip.interia.pl
pacz.to
Ogarnij.se","185.15.229.90 | ğŸ‡µğŸ‡± | Poland | AS16138 | Interia.pl Sp z.o.o. | Interia.pl S.A.","mx.interia.pl | ğŸ‡µğŸ‡± | Poland | AS16138 | Interia.pl Sp z.o.o. | Interia.pl S.A.",1999-10-07,2028-01-05,"ğŸ‡µğŸ‡± Interia.pl Sp z.o.o.",,"Poland","Poczta w Interia.pl - darmowa poczta e-mail â€“ logowanie do konta
DoÅ‚Ä…cz do uÅ¼ytkownikÃ³w Poczty w Interia.pl. Ciesz siÄ™ nieograniczonÄ… pojemnoÅ›ciÄ…, duÅ¼ymi zaÅ‚Ä…cznikami i bÅ‚yskawicznym dziaÅ‚aniem. Bezpieczne i darmowe konto email czeka na Ciebie!","Illegal content (per Polish law, AUC); content against social norms or good customs; unauthorized copying/modification of portal content; fraud or abuse of services","Collect internet data (visited pages, device/browser info, location, visit time, user activity, marketing attributes, referral source), form data (contact/registration forms). Stored in Poland/EOG, potentially transferred outside EOG (e.g., USA) with safeguards. Shared with IT/payment/marketing providers, legal authorities, advertising partners (e.g., Google, Facebook).","no","no","free;","yes","Interia.pl is a Polish email service part of a major internet portal launched in 2000 in KrakÃ³w. It offers free email accounts with the @interia.pl domain, alongside access to news, social features, and other services. It supports standard IMAP, SMTP, and POP3 protocols, enabling use with third-party clients (e.g., Outlook, Thunderbird). The service targets a broad audience, providing basic communication tools integrated with the portal. Security & Anonymity: Interia.pl employs SSL/TLS encryption for data transmission (port 993 for IMAP, 465 for SMTP), offering a baseline level of security. Two-factor authentication (2FA) is supported, reducing the risk of unauthorized access. However, it lacks end-to-end encryption, meaning email content is stored unencrypted on servers and accessible to administrators. Anonymity is limited: registration requires personal details (e.g., name), and the service collects internet data (IP, activity, device info), which may be shared with advertising partners (Google, Facebook) and authorities upon request. Data is stored in Poland (EU), adhering to GDPR, but may be transferred outside the EEA (e.g., to the USA) with standard contractual safeguards. A data breach in 2023 (14.2 KB, including emails) raises concerns about its security track record. Use Cases: The free Interia.pl email is suitable for everyday communication, website registrations, receiving newsletters, or casual use. Its IMAP/SMTP support makes it convenient for users who prefer desktop or mobile clients. However, due to weak anonymity and lack of end-to-end encryption, itâ€™s not recommended for confidential correspondence or scenarios requiring high privacy (unlike Proton Mail or Tutanota). Itâ€™s a versatile, basic tool with moderate protection, best for non-critical needs rather than a specialized security solution."
" ğŸ‡µğŸ‡±","int.pl",,"217.74.65.119 | ğŸ‡µğŸ‡± | Poland | AS16138 | Interia.pl Sp z.o.o. | Interia.pl S.A.","mx.interia.pl | ğŸ‡µğŸ‡± | Poland | AS16138 | Interia.pl Sp z.o.o. | Interia.pl S.A.",1998-03-23,2026-03-19,"ğŸ‡µğŸ‡± Interia.pl Sp z.o.o.",,"Poland","Darmowy email INT.PL - szybka rejestracja i logowanie do poczty bez reklam
ZaÅ‚Ã³Å¼ darmowe konto email na INT.PL i ciesz siÄ™ szybkÄ… rejestracjÄ…, bez reklam. Odkryj bezpiecznÄ… i wygodnÄ… pocztÄ™, ktÃ³ra speÅ‚ni wszystkie Twoje potrzeby.",,,"no","no","free","no",
" ğŸ‡µğŸ‡±","onet.pl","op.pl
onet.pl
poczta.onet.pl
vp.pl
onet.eu
autograf.pl
buziaczek.pl
spoko.pl
poczta.onet.pl
onet.com.pl
amorki.pl
Opoczta.pl","52.84.174.84 | ğŸ‡«ğŸ‡· | France | AS16509 | Amazon.com, Inc.","mx.poczta.onet.pl | ğŸ‡µğŸ‡± | Poland | AS12990 Ringier Axel Springer Polska Sp. z o.o.",1996-06-22,2025-08-20," ğŸ‡µğŸ‡± Ringier Axel Springer Polska sp. z o.o. ",,"Poland","Onet â€“ You are up to date
Onet: codzienne ÅºrÃ³dÅ‚o informacji milionÃ³w PolakÃ³w - wiadomoÅ›ci z kraju i ze Å›wiata 24/7, pogoda, sport, biznes, moto, rozrywka. BÄ…dÅº na bieÅ¼Ä…co z Onet!","Violating Polish/EU laws; posting radical, vulgar, offensive, pornographic, or drug/alcohol-promoting content; commercial activity; penetrating/testing security; unlawful content; altering/reproducing site materials without consent","Collect personal data (email, name, age, gender, city, birth date), activity data (visited pages, clicks, purchase history), device/browser info, location, cookies/cache, IDs. Stored in Poland/EEA, may transfer outside EEA (e.g., Google, Facebook) with safeguards. Shared with IT/marketing providers, authorities, Trusted Partners (e-commerce/advertisers) with consent.","yes","optional","free","yes","Onet is a Polish internet portal that includes an email service provided by Ringier Axel Springer Polska. Beyond email functionality, Onet offers access to news, social features, cloud storage, and personalized content. Based in Poland and regulated by EU laws, including GDPR, it provides a certain level of legal data protection for users.  Security & Anonymity: Onet does not position itself as an anonymous service. Using the email requires registration with personal details (e.g., email, name, age, gender, city), and it collects activity data (views, clicks, purchase history), device info, location, and cookies. Encryption is present (SSL/TLS is implied for web access), but end-to-end email encryption is absent, meaning message content is accessible to the provider. IP addresses and metadata are not hidden, and data may be shared with partners (e.g., Google, Facebook) for advertising with user consent. Privacy is limited: data is stored in Poland/EEA but may be transferred outside the EEA with safeguards (e.g., Standard Contractual Clauses). Users must secure their passwords, but the service doesnâ€™t offer maximum anonymity, as it prioritizes personalization and marketing. The privacy policy was last updated on July 26, 2023.  Use Cases: Onet is suitable for everyday communication, news reading, and using additional features (forums, shopping) within a single platform, especially for Poland-based users or those comfortable in a Polish-language ecosystem. Itâ€™s a good choice for people who value content integration and interest-based ads over strict privacy. However, due to data collection and lack of anonymity, itâ€™s not ideal for confidential correspondence, handling sensitive data, or anonymous use (unlike Proton Mail or Tutanota). Itâ€™s best for casual tasks with moderate security expectations."
" ğŸ‡®ğŸ‡³","datamail.in",,"202.157.83.37 | ğŸ‡®ğŸ‡³ |  India | AS17753 | DATA INGENIOUS GLOBAL LIMITED | Data Infosys Ltd","tls.spamjadoo.com | ğŸ‡®ğŸ‡³ |  India | AS17753 | DATA INGENIOUS GLOBAL LIMITED | Data Infosys Ltd
aspmx.spamjadoo.com | ğŸ‡®ğŸ‡³ |  India | AS17753 | DATA INGENIOUS GLOBAL LIMITED | Data Infosys Ltd
Aspmx1.spamjadoo.com | ğŸ‡®ğŸ‡³ |  India | AS17753 | DATA INGENIOUS GLOBAL LIMITED | Data Infosys Ltd",2016-08-29,2025-08-29," ğŸ‡®ğŸ‡³ Data xgen technologies Pvt Ltd.",,"India","Free Business Email Address | Corporate Email Solution
Get a Free Business Email Address from Data Mail. Our Corporate Email Solution specially designed for your requirements to bring you an enterprise email system","Illegal use of services; violating Terms of Service; unauthorized access/alteration of data; distributing harmful content (implied); void where prohibited","Collect personal info (name, email, phone, credit card, language, profile data, photo), device info (model, OS, identifiers, phone number), usage data (logs, search queries, telephony logs, IP, location, cookies, app numbers). Stored globally (servers in multiple countries). Shared with consent, domain admins, affiliates for processing, legal authorities, or non-identifiable data with partners (e.g., advertisers).","yes","optional","free","optional","Datamail is an email service provided by the Indian company Data Xgen Technologies Pvt Ltd, launched as part of a digital initiative. It offers free email accounts with the @datamail.in domain, accessible via a web interface and mobile application. The service supports contact synchronization, basic communication features, and integration with advertising services. To register, you must install the official Datamail app on your phone (available for Android and iOS), tying the process to a mobile device. Security & Anonymity: Datamail employs SSL encryption to secure data transmission and provides two-factor authentication (2FA) to enhance login security. However, it lacks end-to-end encryption, meaning email content remains accessible to the company as data is stored unencrypted on servers. Anonymity is minimal: registration via the app requires personal details (name, email, phone number, sometimes credit card), alongside device information (model, OS, IP, identifiers) and usage data (logs, queries, contacts). This data may be shared with partners (e.g., advertisers) or authorities upon request, with servers located across multiple countries, reducing privacy control. The privacy policy (last updated December 22, 2016) emphasizes personalization over anonymity. Datamail is suitable for basic communication, sending emails, syncing contacts, or registering on websites where high privacy isnâ€™t a priority. The mobile app makes it convenient for phone-based users, particularly in India, where itâ€™s promoted as a local alternative. However, due to weak anonymity, lack of end-to-end encryption, and extensive data collection, itâ€™s not recommended for confidential correspondence or scenarios requiring identity protection (unlike Proton Mail or Tutanota). Itâ€™s a general-purpose tool for everyday tasks with moderate security, aimed at mainstream users."
" ğŸ‡°ğŸ‡¿","topmail.kz",,"185.97.115.26 | ğŸ‡°ğŸ‡¿ | Kazakhstan | AS200590 | NLS Kazakhstan LLC","pro.topmail.kz | ğŸ‡°ğŸ‡¿ | Kazakhstan | AS200590 | NLS Kazakhstan LLC",2015-04-22,," ğŸ‡°ğŸ‡¿ Ğ¢ĞĞ â€œĞ Ğ°Ğ¹Ñ‚Ğ‘Ğ°Ğ¹Ñ‚Ñâ€",,"Kazakhstan","TOPMAIL.kz - ĞŸĞ¾Ñ‡Ñ‚Ğ°, Ğ¸Ğ½Ñ‚ĞµÑ€ĞµÑĞ½Ğ°Ñ Ğ¸Ğ½Ñ„Ğ¾Ñ€Ğ¼Ğ°Ñ†Ğ¸Ñ
ĞŸĞ¾Ñ‡Ñ‚Ğ°, Ğ¸Ğ½Ñ‚ĞµÑ€ĞµÑĞ½Ğ°Ñ Ğ¸Ğ½Ñ„Ğ¾Ñ€Ğ¼Ğ°Ñ†Ğ¸Ñ Ñ€ĞµĞ³Ğ¸ÑÑ‚Ñ€Ğ°Ñ†Ğ¸Ñ Ğ¿Ğ¾Ñ‡Ñ‚Ñ‹, Ğ±ĞµÑĞ¿Ğ»Ğ°Ñ‚Ğ½Ğ°Ñ Ğ¿Ğ¾Ñ‡Ñ‚Ğ°, Ñ…Ğ°Ğ»ÑĞ²Ğ½Ğ°Ñ Ğ¿Ğ¾Ñ‡Ñ‚Ğ°, ĞºĞ°Ğ·Ğ°Ñ…ÑÑ‚Ğ°Ğ½ÑĞºĞ°Ñ Ğ¿Ğ¾Ñ‡Ñ‚Ğ°, ĞºĞ°Ğ·Ğ°Ñ…ÑĞºĞ°Ñ Ğ¿Ğ¾Ñ‡Ñ‚Ğ°, ÑĞ¾Ğ·Ğ´Ğ°Ñ‚ÑŒ Ğ¿Ğ¾Ñ‡Ñ‚Ñƒ, Ğ¿Ğ¾Ğ»ÑƒÑ‡Ğ¸Ñ‚ÑŒ Ğ¿Ğ¾Ñ‡Ñ‚Ñƒ ","Illegal actions (per Kazakh law or international norms); violating IP/author rights; spam; impersonation; sending viruses/malware; harmful, threatening, or discriminatory content; disrupting service","Collect personal data (name, surname, gender, additional email), IP address for stats. Stored in Kazakhstan by TOO ""RightBytes"". Shared only with Kazakh authorities if legally required.","optional","no","free","yes","TopMail.kz is a free email service from Kazakhstan, provided by TOO ""RightBytes"". It operates via a web interface at topmail.kz, offering users addresses in the format username@topmail.kz and a mailbox for storing messages. The service focuses on simplicity: registration involves filling out a form with basic details, followed by access using a login and password. It supports core email functions like sending and receiving messages but does not mention IMAP/SMTP support or mobile apps. Security & Anonymity: TopMail.kz claims to protect data with organizational and technical measures, but specific methods (e.g., SSL or end-to-end encryption) are not detailed, leaving its security level unclear. Password security (recommended at least 8 characters with numbers and symbols) is the userâ€™s responsibility, and its loss poses risks. Anonymity is limited: registration requires name, surname, gender, and an additional email, while IP addresses are collected for stats. Data is stored in Kazakhstan and shared only with authorities if legally required, with no mention of advertising partners or third parties, offering better privacy than services like Gmail. However, the lack of encryption and mandatory personal data reduces anonymity. The privacy policy was last updated on July 31, 2017. TopMail.kz is suitable for basic correspondence, local communication in Kazakhstan, or registering on sites where high confidentiality isnâ€™t needed. Itâ€™s a straightforward option for users who value minimalism and the absence of ad-related data sharing, as well as those comfortable with Kazakhstanâ€™s jurisdiction. However, due to unclear security and required personal details, itâ€™s not ideal for anonymous use or highly private correspondence (unlike Proton Mail or Tutanota). Itâ€™s best for everyday tasks with moderate security needs."
" ğŸ‡¦ğŸ‡¿","mail.az","chat.az
from.az
Baku.az","217.14.97.37 | ğŸ‡¦ğŸ‡¿ | Azerbaijan | AS15815 | INTRA Network Systems Ltd","mx.mail.az | ğŸ‡¦ğŸ‡¿ | Azerbaijan | AS15815 | INTRA Network Systems Ltd",,," ğŸ‡¦ğŸ‡¿ Network Thechnologies",,"Azerbaijan","Azerbaijan Mail Services",,,"no","no","free","yes",
" ğŸ‡¦ğŸ‡¿","amail.az",,"62.212.239.200 | ğŸ‡¦ğŸ‡¿ | Azerbaijan | AS29049 | Delta Telecom Ltd","amail.az | ğŸ‡¦ğŸ‡¿ | Azerbaijan | AS29049 | Delta Telecom Ltd",,," ğŸ‡¦ğŸ‡¿  Rashad Aliyev (YER Hosting)",,"Azerbaijan","Amail.az - AzÉ™rbaycan mail xidmÉ™ti
","Republishing site materials elsewhere; selling, sublicensing, or commercially using materials; public display of materials; damaging the site or its usersâ€™ access; violating laws or harming entities; data mining/extraction; using for advertising/marketing","No specific data collection details provided in text; implied collection of user ID and password for account access. Storage and sharing not explicitly mentioned.","no","no","free","yes","Amail is an Azerbaijani email service operating under the .az domain, offering more than just email functionality. It includes additional features such as weather updates and a cloud storage service (Drive) for uploading, storing, and managing files. Based in Azerbaijan, it positions itself as a local platform with a web interface. The team is actively working on expanding capabilities and enhancing existing features, inviting users to contribute to the projectâ€™s development.  Security & Anonymity: The provided text lacks details on security measuresâ€”no mention of SSL/TLS, end-to-end encryption, or two-factor authentication (2FA). Users are responsible for keeping their login and password confidential, suggesting minimal built-in protection from the service itself. Privacy is also unclear: thereâ€™s no information on data collection, storage, or sharing (e.g., IP addresses, email content), which could indicate either a basic approach or the existence of a separate, unprovided privacy policy. Registration requires an account, but specific required data (e.g., name, email) isnâ€™t specified. The absence of references to sharing data with third parties (e.g., advertisers) might be a positive, but without encryption guarantees, anonymity and protection remain uncertain. The service operates under Azerbaijani law, which governs potential government requests.  Use Cases: Amail is suitable for basic communication, local use in Azerbaijan, or storing non-critical files in the cloud. Itâ€™s convenient for users who want extras like weather updates and Drive in one interface, particularly if they trust Azerbaijanâ€™s jurisdiction. However, due to unclear security and privacy policies, itâ€™s not recommended for confidential correspondence, anonymous use, or handling sensitive data (unlike Proton Mail or Tutanota). Itâ€™s best as a simple tool for everyday tasks with moderate protection expectations."
" ğŸ‡¸ğŸ‡¬","dmail.ai",,"172.67.73.218 | ğŸ‡¨ğŸ‡¦ | Canada | AS13335 | Cloudflare, Inc.","smtp.dmail.ai | ğŸ‡¸ğŸ‡¬ | Singapore | AS63949 | Akamai Connected Cloud",2021-08-07,2025-08-07," ğŸ‡¸ğŸ‡¬ DMAIL NETWORK FOUNDATION LTD.",,"Singapore","Dmail","Misusing services; engaging in fraudulent activities; violating laws; providing inaccurate registration info","Collect profile/contact data (email, phone, social login), device/IP data (IP, device ID, OS, browser), social network data (email, IP, device ID), geolocation (IP-based). Stored with robust security measures (unspecified). Shared with third parties for operations, insights, or legal mandates.","no","no","free","no","Dmail Network is a next-generation decentralized email service built on blockchain technology for the Web3 era. It integrates with various blockchains (Ethereum, BNB Chain, Polygon, Dfinity, etc.) and offers not only email functionality but also features like NFT domain management, token interactions, and cross-chain communication. Dmail positions itself as a secure and versatile platform for communication in the decentralized internet, blending traditional email capabilities with Web3 innovations.  Security & Anonymity: Dmail Network prioritizes privacy and security. The service employs decentralized data storage, splitting email headers and bodies: headers are recorded on the blockchain, while bodies are encrypted with a token and distributed across the network, eliminating centralized vulnerabilities. It uses end-to-end encryption, ensuring only the sender and recipient can decrypt messages. For enhanced anonymity, Zero-Knowledge Proofs (ZKP) are implemented, allowing identity verification without revealing personal data. Registration requires creating a Web3 address but not necessarily providing personal details, boosting anonymity. However, full anonymity isnâ€™t guaranteed, as activity data and IP addresses may be collected for analytics and service improvement, and could be shared with third parties under legal mandates (per Singapore law).  Use Cases: Dmail is ideal for users within the Web3 ecosystem, including crypto enthusiasts, dApp developers, marketers, and influencers who value secure communication and blockchain integration. Its compatibility with Web2 emails (ability to send to regular addresses) makes it a convenient bridge from traditional to decentralized services. Itâ€™s suitable for:      Confidential correspondence with encryption.     Managing NFT domains and tokens directly within the email platform.     Cross-chain notifications and communication between blockchains.     Web3 marketing campaigns (MailtoEarn allows earning points). However, due to its Web3 focus and some data collection (IP, device info), itâ€™s less suited for absolute anonymity compared to services like Proton Mail. Itâ€™s a tool for those seeking to combine security, innovation, and functionality in the decentralized world."
"ğŸ‡¬ğŸ‡§","mailchain.com",,"16.16.119.222 | ğŸ‡¸ğŸ‡ª | Sweden | AS16509 | Amazon.com, Inc.","in1-smtp.messagingengine.com | ğŸ‡ºğŸ‡¸ | United States | AS151847 | Fastmail Pty Ltd
in2-smtp.messagingengine.com | ğŸ‡ºğŸ‡¸ | United States | AS151847 | Fastmail Pty Ltd",2014-12-25,2032-12-25,"ğŸ‡¬ğŸ‡§ Mailchain Limited","Five Eyes (ğŸ‘€ 5)","United States","Mailchain | Add web3 email to your project
Get your own web3 email inbox connected to your wallet. Also with our SDK, developers can easily add web3 email to their own projects and applications, allowing them to engage with their users in a truly web3 way.","Misusing platform (e.g., viruses, hacking, phishing); disrupting servers; unauthorized access/data extraction; bulk messaging; violating laws; using if under 13 or on sanctions lists; distributing unlawful/harmful content; reverse engineering","Collect minimal data: encrypted user content (messages, aliases, labels), technical data (IP briefly via Fathom Analytics, public keys, auth tokens, push tokens). Stored encrypted in userâ€™s mailbox; no access to message content. Shared with third parties (e.g., captcha/helpdesk providers) only for operations, or legally mandated (UK law).","no","no","free","no","Mailchain is a decentralized email service designed for Web3, enabling users to send and receive encrypted messages between blockchain addresses (e.g., Ethereum, Polygon, etc.). Built on decentralization principles, Mailchain integrates with Web3 wallets, leverages cryptographic keys for identification and encryption, and gives users control over their data. Itâ€™s more than just emailâ€”itâ€™s a communication platform for the Web3 ecosystem, supporting messaging via blockchain addresses and user-friendly names (e.g., username@mailchain.com).  Security & Anonymity: Mailchain offers a high level of privacy through end-to-end encryption, ensuring that message content is accessible only to the sender and recipientâ€”Mailchain itself cannot decrypt it. Messages are stored encrypted in the userâ€™s mailbox, with keys (identity key, messaging key) managed by the user via a secret recovery phrase. For anonymity, data collection is minimal: IP addresses are briefly processed via Fathom Analytics without identifying individuals, and personal details (e.g., name or email) arenâ€™t required for registrationâ€”just a Web3 address. However, full anonymity isnâ€™t guaranteed: technical data (authentication tokens, public keys) is collected for functionality, and information may be disclosed under legal mandates (England and Wales jurisdiction). The lack of centralized control enhances security, but users must safeguard their keysâ€”losing them means losing access without recovery options from Mailchain.  Use Cases: Mailchain is ideal for Web3 users, such as crypto wallet owners, decentralized app (dApp) developers, DAO participants, and crypto enthusiasts. Itâ€™s a great fit for:      Secure correspondence between blockchain addresses with encryption.     Communication within decentralized communities without intermediaries.     Integration with Web3 identities and names (e.g., ENS).     Confidential messaging within the crypto ecosystem. Itâ€™s less suited for traditional communication (e.g., with Gmail) as it targets the Web3 audience and doesnâ€™t provide absolute anonymity due to potential legal data disclosure. Itâ€™s a tool for those who value decentralization, data control, and security in the context of blockchain technologies."
"ğŸ‡¦ğŸ‡ª","ledgermail.io",,"188.114.96.0 | ğŸ‡¨ğŸ‡¦ | Canada | AS13335 | Cloudflare, Inc.","mx.zoho.com | ğŸ‡ºğŸ‡¸ | United States | AS2639 | ZOHO | NTT America
mx2.zoho.com | ğŸ‡ºğŸ‡¸ | United States | AS2639 | ZOHO | NTT America
Mx3.zoho.com | ğŸ‡ºğŸ‡¸ | United States | AS2639 | ZOHO | NTT America",2018-09-27,2025-09-27,"ğŸ‡¦ğŸ‡ª LedgerFi IT Solutions",,"United States","LedgerMail - Web3 Email
LedgerMail - World's first Decentralized Email Solution on a mission of protecting Digital Rights of email users in a Decentralized way! Highest level of Email Security, Privacy, Encryption and Prevention from email attacks with 4th generation Blockchain.","Commercial exploitation of site (sell, rent, host); modifying/reverse engineering site; building competitive sites; accessing if under 18; violating laws; infringing IP rights","Collect registration data (name, company, address, email), usage/log data (IP, browser, ISP, timestamps), optional profile picture. Stored encrypted during transit/storage. Shared only as legally required or for service provision (no third-party sharing otherwise).","no","no","free","no","LedgerMail is a decentralized email service provided by LedgerFi IT Solutions Pvt. Ltd., built on Web3 principles and accessible via ledgermail.io. Positioned as a secure alternative to traditional email platforms, LedgerMail integrates blockchain technologies to enhance data privacy and user control. It combines standard email functionality with Web3 features, such as cryptographic methods for securing correspondence, targeting users seeking modern communication solutions.  Security & Anonymity: LedgerMail prioritizes privacy by encrypting data during transit and storage using industry-standard protocols (e.g., TLS for transit, though specifics arenâ€™t detailed). All data, including email content, is stored encrypted with strict access controls in place. However, anonymity is limited: registration requires providing a name, email address, physical address, and optionally a company name, making it less anonymous than platforms like Proton Mail or Mailchain. IP addresses and usage data (browser type, ISP, timestamps) are collected for analytics and service improvement but not tied to personal identification. Data isnâ€™t shared with third parties except as legally required (UAE jurisdiction, compliant with CCPA and GDPR). Account deactivation triggers data deletion, emphasizing user control, but the lack of end-to-end encryption reduces privacy for message content.  Use Cases: LedgerMail is suitable for Web3 users looking to integrate email with decentralized technologies while maintaining a baseline level of security. Itâ€™s a good fit for:      Business communication with data encryption (e.g., for small companies or freelancers).     Personalized correspondence with optional profile picture customization.     Transitioning from traditional email to Web3-oriented solutions. However, due to mandatory registration data and lack of full anonymity, itâ€™s not ideal for highly confidential correspondence or anonymous use. It serves as an intermediate option for those valuing above-average security without needing maximum privacy, tailored for blockchain ecosystem enthusiasts. Itâ€™s optimal for everyday tasks with moderate confidentiality requirements."
"ğŸ‡ºğŸ‡¸","onionmail.org","onionmail.org
onionmail.com
2mail.co
mail2tor.co
Gtfcy37qyzor7kb6blz2buwuu5u7qjkycasjdf3yaslibkbyhsxub4yd.onion","172.67.70.75 | ğŸ‡¨ğŸ‡¦ | Canada | AS13335 | Cloudflare, Inc","mxmail.onionmail.org | ğŸ‡¸ğŸ‡¬ | Singapore | AS141995 | Contabo Asia Private Limited",2020-08-03,2025-08-03,"ğŸ‡ºğŸ‡¸ Onion Search Engine LLC","Five Eyes (ğŸ‘€ 5)","Singapore","Onion Mail - Encrypted & Anonymous email
Onion Mail is free encrypted & anonymous email service, manage emails in the normal network and in the onion network. Encrypt email with your PGP public key.","Unlawful use; soliciting illegal acts; violating laws/regulations; infringing IP rights; harassment/discrimination; false info; viruses/malware; spam/phishing; obscene content; bypassing security; under 18 use","Collect minimal data: optional account info (name, email if provided), auto-collected (IP, browser type/version, OS, access times). Stored encrypted with PGP (content inaccessible to provider). No sharing except legal mandates (NY, US law).","no","no","free","yes","Onion Mail is an anonymous and secure email service operating on the Tor network and utilizing PGP (Pretty Good Privacy) encryption. Accessible via a .onion address, as well as standard domains onionmail.org and onionmail.com, this service is designed to provide maximum confidentiality and data protection in the digital age. Onion Mail targets users who prioritize anonymity and safeguarding against surveillance, offering a decentralized messaging platform within the darknet and beyond.  Security & Anonymity: Onion Mail stands out for its exceptional privacy and anonymity features. Messages are encrypted with PGP, ensuring end-to-end encryptionâ€”content is accessible only to the sender and recipient, with the service itself unable to view the text. Operating through the Tor network hides usersâ€™ IP addresses by routing traffic through multiple nodes, making it nearly impossible to trace the sender or receiver. Registration doesnâ€™t require personal data (name or email can be omitted), and encryption keys are generated and stored by the user, enhancing security control. However, minimal data (IP, browser type, access times) is automatically collected for statistics and abuse prevention, though it doesnâ€™t identify individuals. Data isnâ€™t shared with third parties except under legal mandates (New York, USA jurisdiction). Full anonymity relies on proper Tor usage and key management by the user.  Use Cases: Onion Mail is ideal for those seeking maximum confidentiality and anonymity in communication, especially under censorship or surveillance conditions. Itâ€™s a perfect fit for:      Anonymous messaging via the darknet (e.g., with other .onion users).     Protecting correspondence for activists, journalists, or whistleblowers where secrecy is critical.     Sending emails to standard addresses while preserving sender anonymity.     Individuals avoiding mass surveillance and valuing independence from big corporations. The service is user-friendly but requires the Tor Browser, making it less convenient for everyday tasks compared to traditional email providers. Itâ€™s not suited for commercial purposes or bulk messaging, but rather for those willing to trade convenience for security and anonymity in specific scenarios, such as darknet activities or protection from repression. Onion Mail is a niche tool for users who prioritize privacy above all else."
,"privatemx.org",,"103.28.91.121 | ğŸ‡²ğŸ‡¾ | Malaysia | AS132372 | GB Network Solutions Sdn. Bhd.","mail.privatemx.org | ğŸ‡²ğŸ‡¾ | Malaysia | AS132372 | GB Network Solutions Sdn. Bhd.",2024-05-03,2025-05-03,,,"Malaysia","Private & Anonymous Email Service | PrivateMX
Anonymous and Secure Email Service for Tor users. Enjoy confidential communication with advanced encryption, ensuring anonymity and protecting your emails from unauthorized access and surveillance.","Extremely illegal activity on the platform","Collect data for account creation and support (unspecified types). Stored with reasonable security measures. No sharing unless required by law.","no","no","free","no","PrivateMX is an anonymous email service operating through the Tor network and accessible at privatemx.org. Designed with a focus on privacy, PrivateMX allows users to send and receive messages in a secure darknet environment. This service targets individuals seeking a straightforward and safe communication method, avoiding mass surveillance and preserving privacy amidst digital threats.  Security & Anonymity: PrivateMX offers a high level of privacy by leveraging the Tor network, which conceals usersâ€™ IP addresses by routing traffic through multiple nodes to ensure anonymity. While specific encryption methods (e.g., end-to-end encryption) arenâ€™t detailed in the provided policy, the service claims to implement â€œreasonable security measuresâ€ to protect data from loss, misuse, or alteration. Data is collected for account creation and support (likely minimal, such as a username or email), though exact types arenâ€™t specified. Anonymity is partial: registration may require basic information, and full protection depends on proper Tor usage and user caution. Data isnâ€™t shared with third parties except as required by law (Mexican jurisdiction), introducing some legal vulnerability. Users have rights to access, rectify, or delete their data, enhancing control over their information.  Use Cases: PrivateMX is suitable for users who value basic anonymity and communication protection within the darknet. Itâ€™s a good fit for:      Anonymous messaging via the Tor network, such as with other darknet users.     Individuals avoiding surveillance from corporations or government entities.     Simple correspondence tasks requiring moderate privacy without complex setup. However, due to limited details on encryption and potential data collection for registration, itâ€™s less ideal for highly sensitive communication (e.g., for journalists or activists) compared to services like Onion Mail with explicit PGP encryption. PrivateMX is a practical option for those seeking baseline anonymity in Tor without needing maximum security or advanced features. Itâ€™s optimal for everyday use in scenarios where privacy matters but isnâ€™t critical."
,"dnmx.su","dnmxjaitaiafwmss2lx7tbs5bv66l7vjdmb5mtb3yqpxqhk3it5zivad.onion","190.123.44.98 | ğŸ‡µğŸ‡¦ | Panama | AS52284 | Panamaserver.com","mail.dnmx.su  | ğŸ‡µğŸ‡¦ | Panama | AS52284 | Panamaserver.com",2024-08-03,2025-08-03,,,"Panama","The Anonymous Email Service For The Dark Net â€” DNMX
","Terrorism, blackmail, or other crimes on the platform","No personal data collected (identity not requested); server data encrypted with full disk encryption. No sharing; legal disclosure not specified.","no","no","free","no","DNMX (Dark Net Mail Exchange) is a free anonymous email service operating exclusively through the Tor network, accessible only via a .onion address. Designed to ensure freedom of communication in the darknet, DNMX functions like Gmail or Yahoo Mail but prioritizes anonymity and data protection. Itâ€™s a service for those who want to communicate without censorship or surveillance, maintaining privacy in the digital realm.  Security & Anonymity: DNMX offers a high degree of anonymity by neither requesting nor storing usersâ€™ personal informationâ€”your identity isnâ€™t required to use the service. Access is restricted to the Tor network, concealing IP addresses and locations by routing traffic through multiple nodes. Servers are secured with full disk encryption, rendering data inaccessible even if physically seized. However, the service doesnâ€™t guarantee built-in end-to-end encryption for messages and strongly recommends using PGP for sensitive correspondence, cautioning that even they shouldnâ€™t be fully trusted. A minimal data collection policy suggests no identifying information is retained, and thereâ€™s no mention of sharing with third parties (likely minimal due to its darknet context). Privacy hinges on user actions, including PGP use and Tor compliance.  Use Cases: DNMX is ideal for darknet users who value free speech and basic anonymity without complex setups. Itâ€™s well-suited for:      Anonymous communication within the Tor network, such as with other darknet users.     Individuals evading censorship from authorities or corporations.     Simple correspondence in scenarios requiring minimal identification. The service prohibits terrorism, blackmail, or other crimes, making it unsuitable for illegal activities. Due to the lack of built-in message encryption, itâ€™s less ideal for highly sensitive data (e.g., for journalists or activists) unless PGP is applied. DNMX is a practical tool for those who prioritize anonymity and communication freedom in the darknet, willing to bolster security themselves if needed. Itâ€™s best for basic tasks with a focus on privacy within the Tor ecosystem."
"ğŸ‡§ğŸ‡¸","xmail.net",,"65.110.6.56 | ğŸ‡¨ğŸ‡¦ | Canada | AS25668 | Cipherkey Exchange Corp.","mail.xmail.net | ğŸ‡¨ğŸ‡¦ | Canada | AS25668 | Cipherkey Exchange Corp.",1998-09-11,2025-09-10,"ğŸ‡§ğŸ‡¸ Aaex Holdings Corp.",,"Canada","XMAIL.NETâ„¢ - Free Web Based Xmail
","No explicit prohibitions listed; implied restriction on abuse via inactivity deletion (unused accounts deleted after 1 year)","No personal data collected (no info required at signup); messages/web files stored with 1GB limit each. No sharing specified; legal disclosure unclear.","no","no","free","optional","XMail is a free web-based email service that has been operational since 1998, accessible via xmail.net. Incorporated in the British Virgin Islands with IT operations subcontracted in Vancouver, Canada, XMail provides users with a simple and minimalist communication tool through an Ajax-powered browser interface. The service also offers 1 GB of mailbox storage and 1 GB for personal web hosting, making it a versatile option for basic internet tasks.  Security & Anonymity: XMail stands out with its privacy policy: it collects no personal or demographic information during signupâ€”users only need to choose a username and password. This ensures a high degree of anonymity, as no identity disclosure is required. The service is accessible via standard browsers, including Tor-compatible ones (e.g., Brave), adding optional anonymity when used through the Tor network. For secure communication, XMail supports S/MIME with personal certificates, enabling end-to-end encryption and digital signatures to verify sender authenticity. However, full data protection relies on utilizing these certificates, as server-side encryption isnâ€™t specified. Inactive accounts are deleted after one year, preventing the accumulation of abandoned data. Thereâ€™s no mention of data sharing with third parties, leaving legal obligations unclear (BVI jurisdiction).  Use Cases: XMail is suitable for users who value basic anonymity and straightforward privacy without complexity. Itâ€™s a good fit for:      Anonymous correspondence via the web interface or Tor (with S/MIME for encryption).     Storing small amounts of data (1 GB for email and web files).     Hosting simple static HTML web pages (no CGI/PHP support).     Individuals avoiding intrusive data collection by larger services. Itâ€™s not suited for complex tasks requiring server-side scripting or highly sensitive communication without self-applied encryption. XMail is ideal for those seeking a lightweight, free, and anonymous tool for messaging and basic online presence, especially when paired with Tor for added protection. Itâ€™s a solution for everyday needs with a focus on simplicity and independence."
" ğŸ‡©ğŸ‡ª","monocles.de",,"37.120.160.239 | ğŸ‡©ğŸ‡ª | Germany | AS197540 | netcup GmbH","mail.monocles.de | ğŸ‡©ğŸ‡ª | Germany | AS197540 | netcup GmbH",,," ğŸ‡©ğŸ‡ª Arne-BrÃ¼n Vogelsang ","Fourteen Eyes (ğŸ‘€ 14)","Germany",,"Illegal purposes; disrupting server ops (e.g., high traffic, excessive connections); under 18 use; brand/inappropriate names","Collect optional personal data (e.g., name, address, email) voluntarily; no IP/logs for search/translator. Stored locally if settings changed. No sharing without consent.","yes","no","free","no","Monocles Mail is an email service, presumably part of the Monocles ecosystem (based on the provided data), designed for minimalist and confidential communication. Operating under German legislation (Â§ 7-10 TMG), the service offers basic functionality for users who want to avoid intrusive data collection, emphasizing voluntary information disclosure and protection against unsolicited advertising.  Security & Anonymity: Monocles Mail ensures a high level of anonymity through its minimal data collection policy: the service can be used without providing personal information, and any data (e.g., name, address, email) is requested only on a voluntary basis. For related features (Monocles search and translator), no IP addresses or user actions are logged, with settings stored locally on the userâ€™s device, preventing tracking by the service. However, the text doesnâ€™t mention encryption for messages or servers, raising questions about content protection. Data isnâ€™t shared with third parties without explicit consent, though legal disclosure is possible after notification of a violation (German jurisdiction). Full anonymity can be achieved using Tor or a VPN, though this isnâ€™t explicitly stated. The service warns that internet data transmission has inherent vulnerabilities.  Use Cases: Monocles Mail is suitable for users who prioritize basic privacy and the absence of aggressive data collection. Itâ€™s a good fit for:      Simple correspondence without needing to reveal identity.     Individuals avoiding spam and unwanted advertising (the service prohibits using contact data for such purposes).     Those enhancing anonymity with additional tools (e.g., Tor, VPN). Itâ€™s not ideal for highly sensitive tasks (e.g., journalism or activism) due to the lack of guarantees for end-to-end encryption or interception protection. Itâ€™s best for everyday communication with minimal risks, especially if users take their own security measures (e.g., PGP encryption). Monocles Mail is a solution for those who value voluntariness and simplicity over maximum protection."
"ğŸ‡ªğŸ‡ª","atomicmail.io",,"104.21.94.171 | ğŸ‡¨ğŸ‡¦ | Canada | AS13335 Cloudflare, Inc.","mail1.atomicmail.io | ğŸ‡©ğŸ‡ª | Germany | AS24940 | Hetzner Online GmbH",2023-12-30,2025-12-30,"ğŸ‡ªğŸ‡ª AtomicMail Systems OÃœ",,"Germany","Atomic Mail: Encrypted email provider
Secure and user-centric email hosting provider, dedicated to offering privacy-first email services. Create multiple aliases, end-to-end encryption, email password protection everything you need for safe communication.","Breaking laws; violating rights; spam; stolen goods trade; threats; child pornography; fraud; excessive messaging; obscene usernames","Collect optional name (alias ok), email, password (hashed); IP/browser/OS for site visits (7-day logs). Stored encrypted (AES-256). No sharing unless Estonian court order.","no","no","free","no","Atomic Mail is a free email service provided by AtomicMail Systems OÃœ, registered in Estonia (Tallinn), designed to maximize privacy and user control over communications. Built with cutting-edge encryption technologies and a ""zero-knowledge"" approach, Atomic Mail positions itself as a secure alternative to traditional email services, drawing inspiration from blockchain ecosystem security standards.  Security & Anonymity: Atomic Mail offers a high level of anonymity and privacy. Registration doesnâ€™t require a real nameâ€”users only need to select an email (e.g., user@atomicmail.io) and password, with the option to use a pseudonym. No personal data is collected, and passwords are hashed (SHA-256) and never stored in plaintext. Messages are encrypted client-side with AES-256 (for all users) and ECIES (between Atomic Mail users), ensuring end-to-end encryptionâ€”Atomic Mail itself cannot access email content. A BIP39 seed phrase, kept by the user, enables account recovery, eliminating reliance on the service. Website visitor IP addresses are logged for 7 days to combat spam, but emails display Atomic Mailâ€™s server IP, not the userâ€™s. Data isnâ€™t shared with third parties except under valid Estonian court ordersâ€”requests from foreign authorities are ignored. Access via Tor is possible, enhancing anonymity. However, losing both the password and seed phrase makes recovery impossible, a deliberate security feature.  Use Cases: Atomic Mail is suited for users who prioritize strong privacy and data protection without compromise. Itâ€™s an excellent choice for:      Confidential correspondence with robust encryption (e.g., between Atomic Mail users via ECIES).     Sending secure emails to external recipients (password-protected via Decryption Service).     Individuals avoiding surveillance and valuing key control (thanks to the seed phrase).     Those seeking a free, ad-free service with minimal data collection. Itâ€™s not ideal for bulk messaging (due to spam restrictions) or users needing support without technical know-how (no recovery guarantees if data is lost). Atomic Mail is perfect for self-reliant users, such as journalists, activists, or tech-savvy individuals, who value anonymity and independence within Estoniaâ€™s strict jurisdiction."
"ğŸ‡­ğŸ‡·","mail.io",,"151.101.65.195 | ğŸ‡ºğŸ‡¸ | United States | AS54113 | Fastly, Inc.","inbound-smtp.us-west-2.amazonaws.com | ğŸ‡ºğŸ‡¸ | United States | AS16509 | Amazon.com, Inc.",2004-02-26,2026-02-26,"ğŸ‡­ğŸ‡· Amplio d.o.o. ","Five Eyes (ğŸ‘€ 5)","United States","Mailio","Illegal use; spam; junk mail; bulk emails; trading accounts; multiple free accounts; unlawful content","Collect email (optional), hashed verification data (IP/email/phone), metadata, account activity. Encrypted content. Share only if legally required.","no","no","free","no","Mailio is an email service offered by Amplio d.o.o., based in Slovenia, accessible via the mail.io website and mobile apps. It positions itself as a privacy-focused solution, providing end-to-end encryption for correspondence within the mail.io domain and minimal user data collection.  Security & Anonymity: Mailio ensures a high level of privacy with end-to-end encryption for messages within its domain and a ""zero-knowledge"" architectureâ€”meaning the company cannot access encrypted email content. No personal data is required for registration, though an optional email can be provided for verification or recovery. IP addresses, emails, or phone numbers used for verification (e.g., via reCaptcha, SMS) are stored temporarily and hashed if retained long-term, making identification difficult. Permanent IP logs arenâ€™t kept unless abuse (spam, attacks) occurs, where data may be stored to protect the service. Metadata (sender, recipient, subject, timestamps) is accessible due to SMTP limitations, but encrypted message content isnâ€™t. Unencrypted incoming emails are scanned for spam and viruses, justified by user protection needs. Data isnâ€™t shared with third parties except under binding Slovenian legal requests (with user notification if permitted). Payments via Stripe or anonymously (Bitcoin/cash) offer flexibility, though card linkage may reduce anonymity. For full anonymity, using Tor/VPN is recommended, as traffic passes through third-party networks.  Use Cases: Mailio is suitable for users seeking a private email service with strong data protection and minimal tracking. Itâ€™s a good fit for:      Confidential correspondence within the mail.io domain (fully encryption-protected).     Those aiming to minimize data collection and avoid ads (no analytics or third-party tracking).     Everyday communication with moderate anonymity needs (external emails arenâ€™t encrypted by default). Itâ€™s not ideal for complete anonymity (due to potential metadata and payments) or bulk messaging (strict anti-spam measures). Mailio is optimal for individuals, freelancers, or small teams valuing simplicity, security, and inbox control within the European jurisdiction (GDPR)."
,"mailum.com","cyberfear.com","54.37.129.184 | ğŸ‡µğŸ‡± | Poland | AS16276 | OVH SAS","custom.cyberfear.com  | ğŸ‡µğŸ‡± | Poland | AS16276 | OVH SAS",2012-10-22,2025-10-22,"CyberFear

Sergei Krutov (vSaKv) ex developer SCRYPTmail 
(htps://www.linkedin.com/in/sergei-krutov) ",,"Poland","Mailum - Secure Encrypted Email Service | Private & Anonymous Email
Enjoy private, anonymous email with end-to-end encryption from Mailum, your trusted encrypted email provider. Sign up for free and protect your communication today.","Selling/sublicensing content; damaging site; impacting access; illegal use; data mining/harvesting; under 18 use","Collect username, password (hashed), last login date; IP for 5 mins at registration (anti-flood). No logs otherwise. No sharing specified.","no","no","free","no","Mailum is a web-based email service accessible at https://mailum.com, prioritizing user privacy. It offers a minimalist solution for email communication, avoiding excessive data collection and providing a basic level of anonymity and protection.  Security & Anonymity: Mailum ensures a high degree of anonymity through its minimal data collection policy. Registration requires only a username and password (hashed), with no need to provide personal details like a real name or email. IP addresses arenâ€™t logged for website visitors, except for a 5-minute retention during registration to prevent account flooding (this data isnâ€™t linked to users and is deleted afterward). The date of the last login is stored for managing inactive accounts, but no other activity traces are kept. The absence of logs and external trackers (e.g., for advertising) enhances privacy. Cookies are used solely for session identification, without additional tracking. However, thereâ€™s no mention of message or server encryption, suggesting a lack of default end-to-end encryption. Data isnâ€™t shared with third parties, and GDPR/CCPA rights ensure user control over information. For full anonymity, using Tor or a VPN is recommended.  Use Cases: Mailum is suitable for those seeking a simple, anonymous communication method without heavy oversight. Itâ€™s a good fit for:      Basic correspondence with minimal identity disclosure.     Users avoiding tracking and ads (the service is entirely free of external scripts).     Those wanting a quick email setup without sharing personal data. Itâ€™s not ideal for highly sensitive tasks (e.g., protection from authorities or sending confidential data), as thereâ€™s no mention of encryption or advanced security measures. Mailum is optimal for low-risk everyday use where simplicity and lack of surveillance matter, especially when paired with additional anonymization tools. Itâ€™s a solution for minimalists who value basic privacy without complex configurations."
"ğŸ‡ºğŸ‡¸","codamail.com",,"173.166.91.11 | ğŸ‡ºğŸ‡¸ | United States | AS7922 Comcast Cable Communications, LLC","mail.pnsh.com | ğŸ‡ºğŸ‡¸ | United States | AS7922 Comcast Cable Communications, LLC",2009-03-19,2026-03-19,"ğŸ‡ºğŸ‡¸ Packetderm LLC","Five Eyes (ğŸ‘€ 5)","United States","CodaMail - A unique private e-mail service
Take control of your email privacy with CodaMail's zero-access encryption. Protect your messages with end-to-end encryption, anonymous email aliases, and advanced privacy features.","Spamming; phishing; malware; threats; harassment; unauthorized access; fraud; excessive resource use","Collect username, payment IDs, subscription details, dates, email content (encrypted), PGP keys (optional). 5-day logs. Share only if legally required.","yes","no","free","optional","CodaMail is an email service provided by Packetderm, LLC (USA, Massachusetts), also known through Cotse.Net, with a strong focus on safeguarding user privacy. Accessible via https://codamail.com, CodaMail combines minimal data collection with robust encryption, offering a secure communication solution centered on privacy and user control.  Security & Anonymity: CodaMail ensures a high level of privacy through strict principles: it collects only the bare minimum of data (account name, subscription details, creation/expiration dates), and email content is individually encrypted at rest using elliptic-curve AES-GCM-256. It supports zero-access automatic PGP encryption and end-to-end encryption via PGP, making message content inaccessible even to the service operators. Server logs are retained for just 5 days for technical operations and abuse prevention, and no IP addresses are stored for VPN/proxy services, though Intrusion Detection may capture IPs during anomalies. Registration requires only a username and password (hashed with SHA512/yescrypt), with 2FA (TOTP) available for added security. However, CodaMail isnâ€™t fully anonymousâ€”payments (via First Data/PayPal or cash) and U.S. jurisdiction may link a payerâ€™s identity. Data isnâ€™t sold or shared with third parties, except under valid U.S. legal requests (reviewed and challenged if overly broad, with user notification when allowed). For complete anonymity, using Tor and avoiding payment ties to real identity are recommended.  Use Cases: CodaMail is suitable for users who prioritize private correspondence with strong encryption and minimal data collection. Itâ€™s an excellent choice for:      Confidential communication using PGP (e.g., between tech-savvy users).     Individuals avoiding tracking by advertisers or analytics (no logs or tracking).     Those wanting control over access and encryption (e.g., via IMAP/POP3 settings and PGP keys). Itâ€™s not ideal for total anonymity (due to payments and U.S. jurisdiction) or bulk messaging (strict anti-spam measures). CodaMail is perfect for those who value security and are willing to manage their own keys and backups (no automatic backups to protect privacy), including professionals, privacy-conscious users, or small businesses needing secure email within the U.S. legal framework."
"ğŸ‡«ğŸ‡®","offilive.com",,"148.251.90.169 | ğŸ‡©ğŸ‡ª | Germany | AS24940 | Hetzner Online GmbH","mx.offilive.com | ğŸ‡©ğŸ‡ª | Germany | AS24940 | Hetzner Online GmbH",2017-11-22,2025-11-22,"ğŸ‡«ğŸ‡® OffiDocs Group OU",,"Germany","Free personal email accounts and business email accounts by OffiDocs and OnWorks
Free personal email account and free business email account with your own email domain using the OffiDocs and OwnWorks platforms.","Damaging site; impacting access; illegal use; data mining/harvesting; infringing content","Collect no personal info; store user files/images on servers (temp, removable). Cookies/analytics/ads data (Google/Adgoal). Limited sharing.","yes","no","free","yes","OffiDocs is an online service offering a suite of applications for file management, which presumably includes email functionality (though the provided documents focus primarily on document editing). Accessible via web browsers and mobile apps, OffiDocs emphasizes ease of use and a minimalist privacy policy, avoiding the collection of personal data.  Security & Anonymity: OffiDocs provides a high level of anonymity by not requiring personal information (name, email, phone number) for its services, including temporary file storage. No registration is needed, eliminating ties to a userâ€™s identity. Data is stored temporarily on OffiDocs serversâ€”on desktop, itâ€™s deleted after 5 days of inactivity, and in mobile apps, after editing is completeâ€”reducing the risk of leaks. The service uses cookies for sessions and ads (Google Adsense) and collects analytics via Google Analytics, which may include IP addresses but isnâ€™t linked to individuals. Partnerships with Adgoal (in extensions) and BrightSDK (in mobile apps) involve IP collection for affiliate links or premium features, but without identifying the owner. Specific email encryption isnâ€™t mentioned, though general data is protected with basic security measures (encryption and physical server safeguards). For full anonymity, using a VPN or Tor is recommended, as ad networks may track activity.  Use Cases: OffiDocs is suitable for users needing temporary, anonymous access to email or file services without long-term data retention. Itâ€™s a good fit for:      Short-term correspondence or document work where history retention isnâ€™t needed.     Testing services or sites requiring an email, without spam risks (files/data auto-delete).     Those aiming to minimize their digital footprint without complex setups. Itâ€™s not ideal for long-term email storage, sensitive communication (due to unclear email encryption), or professional use with high security demands. OffiDocs is perfect for simple tasks prioritizing free access, anonymity, and temporary use, such as for students, freelancers, or individuals avoiding intrusive ads and tracking."
"ğŸ‡§ğŸ‡ª","contactoffice.com",,"212.3.242.83 | ğŸ‡§ğŸ‡ª | Belgium | AS3356 | Level 3 Parent, LLC","smtp1.contactoffice.com | ğŸ‡§ğŸ‡ª | Belgium | AS3356 | Level 3 Parent, LLC
Smtp2.contactoffice.com | ğŸ‡§ğŸ‡ª | Belgium | AS3356 | Level 3 Parent, LLC",1999-09-28,2029-09-28," ğŸ‡§ğŸ‡ª  ContactOffice Group SA","Fourteen Eyes (ğŸ‘€ 14)","Belgium","Secure collaboration ContactOffice
Mailfence white label email for business. Custom brand the Mailfence secure and private email with your own logo and domain name. Powered by ContactOffice.","Illegal use; pornographic/harmful content; harassment; spam; impersonation; IP infringement; service resale; data mining","Collect registration data (user-provided); ID/password; content (user-managed). Stored on servers. Share only for legal compliance.","yes","no","free","yes","ContactOffice is a web-based service provided by ContactOffice Group SA (Brussels, Belgium), offering a suite of tools for management, communication, and collaboration, including email, calendars, address books, and document storage. Accessible through registration on the website, ContactOffice targets users seeking organized online solutions with a certain level of privacy determined by their subscription plan.  Security & Anonymity: ContactOffice provides a basic level of privacy but does not position itself as a fully anonymous service. Registration requires truthful information (e.g., name and email), which is stored in the companyâ€™s database for service management and potential promotional campaigns (opt-out available). Users receive a unique ID and choose a password, but maintaining their confidentiality is the userâ€™s responsibility. Email content and data are stored on ContactOffice servers with capacity limits based on the chosen plan, though no encryption is mentioned in the policy, suggesting a lack of default end-to-end protection. Personal data isnâ€™t shared with third parties except under lawful Belgian authority requests, with user notification provided when legally permitted. Privacy isnâ€™t guaranteed due to the nature of the Internet, and for enhanced anonymity, using a VPN or Tor is recommended, especially since registration ties the account to an email address. Accounts may be terminated for inactivity or rule violations, resulting in data loss.  Use Cases: ContactOffice is suitable for users needing a versatile tool for communication and organization with basic privacy, but without strict anonymity requirements. Itâ€™s a good fit for:      Personal or group correspondence and task management in small teams (with group creation features).     Storing and transferring documents within specified volume limits.     Those who value convenient access to email and calendars via a single interface without complex setups. Itâ€™s not ideal for highly sensitive correspondence (due to unclear encryption) or complete anonymity (registration requires identification). ContactOffice is optimal for everyday use by individuals, freelancers, or small groups who appreciate convenience and basic data protection within Belgiumâ€™s jurisdiction, particularly if security is supplemented on the userâ€™s end."
"ğŸ‡·ğŸ‡º","fbm-mail.com",,"188.114.96.0 | ğŸ‡¨ğŸ‡¦ | Canada | AS13335 | Cloudflare, Inc.","mail.fbm-mail.com | ğŸ‡·ğŸ‡º | Russia | AS9123 | TimeWeb Ltd.",2024-04-20,2027-04-20,"ğŸ‡·ğŸ‡º FBM Agency ",,"Russia","[FBM] Mail â€” ĞŸĞ¾Ñ‡Ñ‚Ğ° Ğ´Ğ»Ñ Ğ°Ñ€Ğ±Ğ¸Ñ‚Ñ€Ğ°Ğ¶Ğ° :: Ğ”Ğ¾Ğ±Ñ€Ğ¾ Ğ¿Ğ¾Ğ¶Ğ°Ğ»Ğ¾Ğ²Ğ°Ñ‚ÑŒ Ğ² [FBM] Mail â€” ĞŸĞ¾Ñ‡Ñ‚Ğ° Ğ´Ğ»Ñ Ğ°Ñ€Ğ±Ğ¸Ñ‚Ñ€Ğ°Ğ¶Ğ°!",,,"no","no","free","no",
"ğŸ‡ºğŸ‡¸","isellemails.com",,"108.73.75.135 | ğŸ‡ºğŸ‡¸ | United States | AS7018 | AT&T Services, Inc.","isellemails.com | ğŸ‡ºğŸ‡¸ | United States | AS7018 | AT&T Services, Inc.",2020-12-16,2026-12-16,"ğŸ‡ºğŸ‡¸ ","Five Eyes (ğŸ‘€ 5)","United States","isellemails - Secure Hosting, Email, and File Storage Solutions
isellemails provides reliable hosting, secure email services, and scalable file storage solutions. Empower your business with high-performance infrastructure.",,,"no","no","free","optional",
"ğŸ‡³ğŸ‡±","disroot.org",,"178.21.23.139 | ğŸ‡³ğŸ‡± | Netherlands | AS50673 | Serverius Holding B.V.","disroot.org | ğŸ‡³ğŸ‡± | Netherlands | AS50673 | Serverius Holding B.V.",2015-06-07,2025-06-07,"ğŸ‡³ğŸ‡± Stichting Disroot.org","Nine Eyes (ğŸ‘€ 9)","Netherlands","Home | Disroot.org
Disroot is a platform providing online services based on principles of freedom, privacy, federation and decentralization.","Spam; harassment; abuse; intolerance/violence; illegal acts; commercial use; copyright violation; doxing","Collect email (temp/optional), username/password, activity logs (24h), user content. Encrypted where possible. Share only for federation.","yes","no","free","no","### Description of Disroot Email in English  **Disroot** is a platform provided by the non-profit organization Stichting Disroot.org (Netherlands), featuring an email service (https://webmail.disroot.org) among other tools for communication and collaboration. Disroot focuses on privacy, freedom, and ethical use of technology based on free and open-source software.  **Security & Anonymity:** Disroot offers a high level of privacy through minimal data collection and a strict protection policy. Account creation requires only a temporary email (deleted after approval unless kept for recovery), a username, and a password. Activity logs (IP, actions) are stored for just 24 hours and not archived, minimizing traces. Emails are stored on servers in the Netherlands unencrypted by default, but users can apply GnuPG/PGP for end-to-end encryption. Data transmission is secured with SSL/TLS, and servers use disk encryption. Data isnâ€™t sold or shared with third parties, except as required by federated services (e.g., sending an email to Gmail reveals the recipientâ€™s address). Full anonymity isnâ€™t guaranteed due to emailâ€™s federated nature and lack of built-in encryptionâ€”using VPN/Tor and self-encrypting emails is recommended for maximum protection. Losing a password results in irreversible access loss, as Disroot doesnâ€™t hold master keys.  **Use Cases:** Disroot is suitable for users who value privacy, free speech, and a non-commercial approach to technology. Itâ€™s a good fit for: - Ethical correspondence with minimal tracking (especially with PGP encryption). - Activists, communities, or individuals avoiding corporate ecosystems and ads. - Those wanting to integrate email with other open services (Nextcloud, XMPP). Itâ€™s not suitable for commercial purposes (strictly prohibited), highly sensitive data without encryption, or users needing simplicity (requires technical awareness for optimal security). Disroot is ideal for open-source enthusiasts, small groups, or those willing to take security into their own hands within Dutch jurisdiction and GDPR compliance."
"ğŸ‡®ğŸ‡¹","autistici.org","anche.no
autistiche.org
autistici.org
autoproduzioni.net
bastardi.net
bruttocarattere.org
canaglie.net
canaglie.org
cryptolab.net
distruzione.org
grrlz.net
hacari.com
hacari.net
hacari.org
insiberia.net
insicuri.net
inventati.org
krutt.org
logorroici.org
mortemale.org
onenetbeyond.org
paranoici.org
privacyrequired.com
stronzi.org
subvertising.org","93.190.126.19 | ğŸ‡¨ğŸ‡­ | Switzerland | AS210861 | Open Networks Association 
198.167.222.108 | ğŸ‡¸ğŸ‡ª | Sweden | AS39287 | ab stract ltd | 1337 Services LLC 
82.94.249.234 | ğŸ‡³ğŸ‡± | Netherlands | AS3265 | KPN B.V. | Associazione Investici","mx1.investici.org | ğŸ‡¨ğŸ‡­ | Switzerland | AS210861 | Open Networks Association 
mx2.investici.org | ğŸ‡¸ğŸ‡ª | Sweden | AS39287 | ab stract ltd | 1337 Services LLC 
Mx3.investici.org | ğŸ‡³ğŸ‡± | Netherlands | AS3265 | KPN B.V. | Associazione Investici",2000-08-10,2029-08-10,"Associazione AI ODV","Fourteen Eyes (ğŸ‘€ 14)"," ğŸ‡¨ğŸ‡­  Switzerland
 ğŸ‡¸ğŸ‡ª  Sweden
 ğŸ‡³ğŸ‡±  Netherlands","autistici.org - Welcome to Autistici/Inventati
Autistici/Inventati provides internet support to activists and collectives coming from the world of grassroot and social movements","Spam; discrimination; commercial use; militarism; political parties; copyright violation; misuse (DDoS, scraping)","Collect username/password, metadata (15 days), user content (encrypted where possible). No personal data. Share only for federation/legal orders.","yes","no","free","no","A/I is an email service provided by the non-profit association A/I-ODV from Pisa, Italy, as part of a platform designed to support activism and social movements. It combines communication tools (email, chats, blogs) with principles of anti-fascism, anti-racism, and anti-authoritarianism, steering clear of commercialization.  Security & Anonymity: A/I prioritizes maximum privacy by collecting minimal data: only a username (email) and password, with no additional personal details (phone, address). The statement of intent required during registration is deleted after approval, and activity logs (IP, metadata) are kept for up to 15 days and anonymized. Servers employ disk encryption and SSL/TLS for data transmission, but thereâ€™s no built-in end-to-end encryption for emailsâ€”users can apply PGP themselves. A/I cannot access encrypted content and doesnâ€™t sell data. Federated protocols (e.g., email) necessitate sharing the recipientâ€™s address with other providers, reducing anonymity when communicating off-platform. Full anonymity isnâ€™t guaranteed due to no backups and Internet vulnerabilitiesâ€”using VPN/Tor and avoiding links to real identity is recommended for protection. Data is stored in the EU, with disclosure possible only under an Italian court order, accompanied by user notification if legally permitted.  Use Cases: A/I is suitable for those who share values of self-organization and resistance, avoiding commercial and authoritarian structures. Itâ€™s a good fit for:      Activists and social movements needing private correspondence (especially with PGP).     Individuals aiming to minimize their digital footprint without commercial ties.     Non-commercial projects, blogs, or mailing lists aligned with DIY and solidarity. Itâ€™s not suited for business purposes (prohibited), highly sensitive data without encryption, or users unprepared for technical self-reliance (no password recovery without a security question). A/I is ideal for radical communities valuing freedom and privacy within Italian jurisdiction and GDPR compliance."
"ğŸ‡·ğŸ‡¸","dmz.rs",,"77.105.27.232 | ğŸ‡·ğŸ‡¸ | Serbia | AS9125 | Drustvo za telekomunikacije Orion telekom doo Beograd-Zemun | ORIONTELEKOMTIM-ADSL","kralizec.dmz.rs | ğŸ‡·ğŸ‡¸ | Serbia | AS9125 | Drustvo za telekomunikacije Orion telekom doo Beograd-Zemun | ORIONTELEKOMTIM-ADSL 
splint.rs | ğŸ‡·ğŸ‡¸ | Serbia | AS31042 | Serbia BroadBand-Srpske Kablovske mreze d.o.o. 
Krov.dmz.rs | ğŸ‡·ğŸ‡¸ | Serbia | AS15958 | CETIN Ltd. Belgrade | CETIN Ltd. Belgrade",2022-05-06,2025-05-06,," ğŸ‡·ğŸ‡¸ Serbia","Serbia","Home Decentrala
",,,"no","no","free","no",
